1;0.9;(>KK);AA,KK
2;2.26;(>TT);AA,KK,QQ,JJ,TT
3;3.02;(>AKs,99);AA,KK,QQ,JJ,TT,AKs,99
4;4.22;(>AQs,99);AA,KK,QQ,JJ,TT,AKs,99,AQs,AKo
5;5.28;(>AKo,88,KQs);AA,KK,QQ,JJ,TT,AKs,99,AQs,AKo,AJs,KQs,88
6;6.49;(>AQo,88,ATs);AA,KK,QQ,JJ,TT,AKs,99,AQs,AKo,AJs,KQs,88,ATs,AQo
7;7.09;(>AQo,88,KTs);AA,KK,QQ,JJ,TT,AKs,99,AQs,AKo,AJs,KQs,88,ATs,AQo,KJs,KTs
8;8.3;(>AJo,88,QJs);AA,KK,QQ,JJ,TT,AKs,99,AQs,AKo,AJs,KQs,88,ATs,AQo,KJs,KTs,QJs,AJo
9;9.2;(>AJo,88,KQo);AA,KK,QQ,JJ,TT,AKs,99,AQs,AKo,AJs,KQs,88,ATs,AQo,KJs,KTs,QJs,AJo,KQo
10;10.26;(>AJo,77,QTs);AA,KK,QQ,JJ,TT,AKs,99,AQs,AKo,AJs,KQs,88,ATs,AQo,KJs,KTs,QJs,AJo,KQo,QTs,A9s,77
11;11.16;(>ATo,77,QTs);AA,KK,QQ,JJ,TT,AKs,99,AQs,AKo,AJs,KQs,88,ATs,AQo,KJs,KTs,QJs,AJo,KQo,QTs,A9s,77,ATo
12;12.37;(>ATo,77,KJo);AA,KK,QQ,JJ,TT,AKs,99,AQs,AKo,AJs,KQs,88,ATs,AQo,KJs,KTs,QJs,AJo,KQo,QTs,A9s,77,ATo,JTs,KJo
13;12.97;(>ATo,77,K9s);AA,KK,QQ,JJ,TT,AKs,99,AQs,AKo,AJs,KQs,88,ATs,AQo,KJs,KTs,QJs,AJo,KQo,QTs,A9s,77,ATo,JTs,KJo,A8s,K9s
14;14.18;(>ATo,77,A7s);AA,KK,QQ,JJ,TT,AKs,99,AQs,AKo,AJs,KQs,88,ATs,AQo,KJs,KTs,QJs,AJo,KQo,QTs,A9s,77,ATo,JTs,KJo,A8s,K9s,QJo,A7s
15;15.08;(>ATo,77,KTo);AA,KK,QQ,JJ,TT,AKs,99,AQs,AKo,AJs,KQs,88,ATs,AQo,KJs,KTs,QJs,AJo,KQo,QTs,A9s,77,ATo,JTs,KJo,A8s,K9s,QJo,A7s,KTo
16;16.14;(>ATo,66,A5s);AA,KK,QQ,JJ,TT,AKs,99,AQs,AKo,AJs,KQs,88,ATs,AQo,KJs,KTs,QJs,AJo,KQo,QTs,A9s,77,ATo,JTs,KJo,A8s,K9s,QJo,A7s,KTo,Q9s,A5s,66
17;17.35;(>ATo,66,QTo);AA,KK,QQ,JJ,TT,AKs,99,AQs,AKo,AJs,KQs,88,ATs,AQo,KJs,KTs,QJs,AJo,KQo,QTs,A9s,77,ATo,JTs,KJo,A8s,K9s,QJo,A7s,KTo,Q9s,A5s,66,A6s,QTo
18;18.55;(>A9o,66,J9s);AA,KK,QQ,JJ,TT,AKs,99,AQs,AKo,AJs,KQs,88,ATs,AQo,KJs,KTs,QJs,AJo,KQo,QTs,A9s,77,ATo,JTs,KJo,A8s,K9s,QJo,A7s,KTo,Q9s,A5s,66,A6s,QTo,J9s,A9o
19;19.16;(>A9o,66,T9s);AA,KK,QQ,JJ,TT,AKs,99,AQs,AKo,AJs,KQs,88,ATs,AQo,KJs,KTs,QJs,AJo,KQo,QTs,A9s,77,ATo,JTs,KJo,A8s,K9s,QJo,A7s,KTo,Q9s,A5s,66,A6s,QTo,J9s,A9o,A4s,T9s
20;20.36;(>A9o,66,JTo);AA,KK,QQ,JJ,TT,AKs,99,AQs,AKo,AJs,KQs,88,ATs,AQo,KJs,KTs,QJs,AJo,KQo,QTs,A9s,77,ATo,JTs,KJo,A8s,K9s,QJo,A7s,KTo,Q9s,A5s,66,A6s,QTo,J9s,A9o,A4s,T9s,K8s,JTo
21;21.57;(>A8o,66,K7s);AA,KK,QQ,JJ,TT,AKs,99,AQs,AKo,AJs,KQs,88,ATs,AQo,KJs,KTs,QJs,AJo,KQo,QTs,A9s,77,ATo,JTs,KJo,A8s,K9s,QJo,A7s,KTo,Q9s,A5s,66,A6s,QTo,J9s,A9o,A4s,T9s,K8s,JTo,K7s,A8o
22;22.17;(>A8o,66,Q8s);AA,KK,QQ,JJ,TT,AKs,99,AQs,AKo,AJs,KQs,88,ATs,AQo,KJs,KTs,QJs,AJo,KQo,QTs,A9s,77,ATo,JTs,KJo,A8s,K9s,QJo,A7s,KTo,Q9s,A5s,66,A6s,QTo,J9s,A9o,A4s,T9s,K8s,JTo,K7s,A8o,A3s,Q8s
23;23.08;(>A8o,66,K9o);AA,KK,QQ,JJ,TT,AKs,99,AQs,AKo,AJs,KQs,88,ATs,AQo,KJs,KTs,QJs,AJo,KQo,QTs,A9s,77,ATo,JTs,KJo,A8s,K9s,QJo,A7s,KTo,Q9s,A5s,66,A6s,QTo,J9s,A9o,A4s,T9s,K8s,JTo,K7s,A8o,A3s,Q8s,K9o
24;23.98;(>A8o,66,J8s);AA,KK,QQ,JJ,TT,AKs,99,AQs,AKo,AJs,KQs,88,ATs,AQo,KJs,KTs,QJs,AJo,KQo,QTs,A9s,77,ATo,JTs,KJo,A8s,K9s,QJo,A7s,KTo,Q9s,A5s,66,A6s,QTo,J9s,A9o,A4s,T9s,K8s,JTo,K7s,A8o,A3s,Q8s,K9o,A2s,K6s,J8s
25;25.19;(>A7o,66,T8s);AA,KK,QQ,JJ,TT,AKs,99,AQs,AKo,AJs,KQs,88,ATs,AQo,KJs,KTs,QJs,AJo,KQo,QTs,A9s,77,ATo,JTs,KJo,A8s,K9s,QJo,A7s,KTo,Q9s,A5s,66,A6s,QTo,J9s,A9o,A4s,T9s,K8s,JTo,K7s,A8o,A3s,Q8s,K9o,A2s,K6s,J8s,T8s,A7o
26;26.55;(>A7o,55,Q9o);AA,KK,QQ,JJ,TT,AKs,99,AQs,AKo,AJs,KQs,88,ATs,AQo,KJs,KTs,QJs,AJo,KQo,QTs,A9s,77,ATo,JTs,KJo,A8s,K9s,QJo,A7s,KTo,Q9s,A5s,66,A6s,QTo,J9s,A9o,A4s,T9s,K8s,JTo,K7s,A8o,A3s,Q8s,K9o,A2s,K6s,J8s,T8s,A7o,55,Q9o
27;27.15;(>A7o,55,K5s);AA,KK,QQ,JJ,TT,AKs,99,AQs,AKo,AJs,KQs,88,ATs,AQo,KJs,KTs,QJs,AJo,KQo,QTs,A9s,77,ATo,JTs,KJo,A8s,K9s,QJo,A7s,KTo,Q9s,A5s,66,A6s,QTo,J9s,A9o,A4s,T9s,K8s,JTo,K7s,A8o,A3s,Q8s,K9o,A2s,K6s,J8s,T8s,A7o,55,Q9o,98s,K5s
28;28.36;(>A7o,55,J9o);AA,KK,QQ,JJ,TT,AKs,99,AQs,AKo,AJs,KQs,88,ATs,AQo,KJs,KTs,QJs,AJo,KQo,QTs,A9s,77,ATo,JTs,KJo,A8s,K9s,QJo,A7s,KTo,Q9s,A5s,66,A6s,QTo,J9s,A9o,A4s,T9s,K8s,JTo,K7s,A8o,A3s,Q8s,K9o,A2s,K6s,J8s,T8s,A7o,55,Q9o,98s,K5s,Q7s,J9o
29;29.26;(>A5o,55,J9o);AA,KK,QQ,JJ,TT,AKs,99,AQs,AKo,AJs,KQs,88,ATs,AQo,KJs,KTs,QJs,AJo,KQo,QTs,A9s,77,ATo,JTs,KJo,A8s,K9s,QJo,A7s,KTo,Q9s,A5s,66,A6s,QTo,J9s,A9o,A4s,T9s,K8s,JTo,K7s,A8o,A3s,Q8s,K9o,A2s,K6s,J8s,T8s,A7o,55,Q9o,98s,K5s,Q7s,J9o,A5o
30;30.17;(>A5o,55,T9o);AA,KK,QQ,JJ,TT,AKs,99,AQs,AKo,AJs,KQs,88,ATs,AQo,KJs,KTs,QJs,AJo,KQo,QTs,A9s,77,ATo,JTs,KJo,A8s,K9s,QJo,A7s,KTo,Q9s,A5s,66,A6s,QTo,J9s,A9o,A4s,T9s,K8s,JTo,K7s,A8o,A3s,Q8s,K9o,A2s,K6s,J8s,T8s,A7o,55,Q9o,98s,K5s,Q7s,J9o,A5o,T9o
31;31.07;(>A5o,55,T9o);AA,KK,QQ,JJ,TT,AKs,99,AQs,AKo,AJs,KQs,88,ATs,AQo,KJs,KTs,QJs,AJo,KQo,QTs,A9s,77,ATo,JTs,KJo,A8s,K9s,QJo,A7s,KTo,Q9s,A5s,66,A6s,QTo,J9s,A9o,A4s,T9s,K8s,JTo,K7s,A8o,A3s,Q8s,K9o,A2s,K6s,J8s,T8s,A7o,55,Q9o,98s,K5s,Q7s,J9o,A5o,T9o,A6o
32;32.28;(>A5o,55,K8o);AA,KK,QQ,JJ,TT,AKs,99,AQs,AKo,AJs,KQs,88,ATs,AQo,KJs,KTs,QJs,AJo,KQo,QTs,A9s,77,ATo,JTs,KJo,A8s,K9s,QJo,A7s,KTo,Q9s,A5s,66,A6s,QTo,J9s,A9o,A4s,T9s,K8s,JTo,K7s,A8o,A3s,Q8s,K9o,A2s,K6s,J8s,T8s,A7o,55,Q9o,98s,K5s,Q7s,J9o,A5o,T9o,A6o,K4s,K8o
33;33.18;(>A5o,55,T7s);AA,KK,QQ,JJ,TT,AKs,99,AQs,AKo,AJs,KQs,88,ATs,AQo,KJs,KTs,QJs,AJo,KQo,QTs,A9s,77,ATo,JTs,KJo,A8s,K9s,QJo,A7s,KTo,Q9s,A5s,66,A6s,QTo,J9s,A9o,A4s,T9s,K8s,JTo,K7s,A8o,A3s,Q8s,K9o,A2s,K6s,J8s,T8s,A7o,55,Q9o,98s,K5s,Q7s,J9o,A5o,T9o,A6o,K4s,K8o,Q6s,J7s,T7s
34;34.09;(>A4o,55,T7s);AA,KK,QQ,JJ,TT,AKs,99,AQs,AKo,AJs,KQs,88,ATs,AQo,KJs,KTs,QJs,AJo,KQo,QTs,A9s,77,ATo,JTs,KJo,A8s,K9s,QJo,A7s,KTo,Q9s,A5s,66,A6s,QTo,J9s,A9o,A4s,T9s,K8s,JTo,K7s,A8o,A3s,Q8s,K9o,A2s,K6s,J8s,T8s,A7o,55,Q9o,98s,K5s,Q7s,J9o,A5o,T9o,A6o,K4s,K8o,Q6s,J7s,T7s,A4o
35;34.99;(>A4o,55,87s);AA,KK,QQ,JJ,TT,AKs,99,AQs,AKo,AJs,KQs,88,ATs,AQo,KJs,KTs,QJs,AJo,KQo,QTs,A9s,77,ATo,JTs,KJo,A8s,K9s,QJo,A7s,KTo,Q9s,A5s,66,A6s,QTo,J9s,A9o,A4s,T9s,K8s,JTo,K7s,A8o,A3s,Q8s,K9o,A2s,K6s,J8s,T8s,A7o,55,Q9o,98s,K5s,Q7s,J9o,A5o,T9o,A6o,K4s,K8o,Q6s,J7s,T7s,A4o,97s,K3s,87s
36;36.2;(>A4o,55,K7o);AA,KK,QQ,JJ,TT,AKs,99,AQs,AKo,AJs,KQs,88,ATs,AQo,KJs,KTs,QJs,AJo,KQo,QTs,A9s,77,ATo,JTs,KJo,A8s,K9s,QJo,A7s,KTo,Q9s,A5s,66,A6s,QTo,J9s,A9o,A4s,T9s,K8s,JTo,K7s,A8o,A3s,Q8s,K9o,A2s,K6s,J8s,T8s,A7o,55,Q9o,98s,K5s,Q7s,J9o,A5o,T9o,A6o,K4s,K8o,Q6s,J7s,T7s,A4o,97s,K3s,87s,Q5s,K7o
37;37.56;(>A4o,44,Q8o);AA,KK,QQ,JJ,TT,AKs,99,AQs,AKo,AJs,KQs,88,ATs,AQo,KJs,KTs,QJs,AJo,KQo,QTs,A9s,77,ATo,JTs,KJo,A8s,K9s,QJo,A7s,KTo,Q9s,A5s,66,A6s,QTo,J9s,A9o,A4s,T9s,K8s,JTo,K7s,A8o,A3s,Q8s,K9o,A2s,K6s,J8s,T8s,A7o,55,Q9o,98s,K5s,Q7s,J9o,A5o,T9o,A6o,K4s,K8o,Q6s,J7s,T7s,A4o,97s,K3s,87s,Q5s,K7o,44,Q8o
38;38.46;(>A3o,44,Q8o);AA,KK,QQ,JJ,TT,AKs,99,AQs,AKo,AJs,KQs,88,ATs,AQo,KJs,KTs,QJs,AJo,KQo,QTs,A9s,77,ATo,JTs,KJo,A8s,K9s,QJo,A7s,KTo,Q9s,A5s,66,A6s,QTo,J9s,A9o,A4s,T9s,K8s,JTo,K7s,A8o,A3s,Q8s,K9o,A2s,K6s,J8s,T8s,A7o,55,Q9o,98s,K5s,Q7s,J9o,A5o,T9o,A6o,K4s,K8o,Q6s,J7s,T7s,A4o,97s,K3s,87s,Q5s,K7o,44,Q8o,A3o
39;39.67;(>A3o,44,J8o);AA,KK,QQ,JJ,TT,AKs,99,AQs,AKo,AJs,KQs,88,ATs,AQo,KJs,KTs,QJs,AJo,KQo,QTs,A9s,77,ATo,JTs,KJo,A8s,K9s,QJo,A7s,KTo,Q9s,A5s,66,A6s,QTo,J9s,A9o,A4s,T9s,K8s,JTo,K7s,A8o,A3s,Q8s,K9o,A2s,K6s,J8s,T8s,A7o,55,Q9o,98s,K5s,Q7s,J9o,A5o,T9o,A6o,K4s,K8o,Q6s,J7s,T7s,A4o,97s,K3s,87s,Q5s,K7o,44,Q8o,A3o,K2s,J8o
40;39.97;(>A3o,44,Q4s);AA,KK,QQ,JJ,TT,AKs,99,AQs,AKo,AJs,KQs,88,ATs,AQo,KJs,KTs,QJs,AJo,KQo,QTs,A9s,77,ATo,JTs,KJo,A8s,K9s,QJo,A7s,KTo,Q9s,A5s,66,A6s,QTo,J9s,A9o,A4s,T9s,K8s,JTo,K7s,A8o,A3s,Q8s,K9o,A2s,K6s,J8s,T8s,A7o,55,Q9o,98s,K5s,Q7s,J9o,A5o,T9o,A6o,K4s,K8o,Q6s,J7s,T7s,A4o,97s,K3s,87s,Q5s,K7o,44,Q8o,A3o,K2s,J8o,Q4s
41;41.18;(>A3o,44,J6s);AA,KK,QQ,JJ,TT,AKs,99,AQs,AKo,AJs,KQs,88,ATs,AQo,KJs,KTs,QJs,AJo,KQo,QTs,A9s,77,ATo,JTs,KJo,A8s,K9s,QJo,A7s,KTo,Q9s,A5s,66,A6s,QTo,J9s,A9o,A4s,T9s,K8s,JTo,K7s,A8o,A3s,Q8s,K9o,A2s,K6s,J8s,T8s,A7o,55,Q9o,98s,K5s,Q7s,J9o,A5o,T9o,A6o,K4s,K8o,Q6s,J7s,T7s,A4o,97s,K3s,87s,Q5s,K7o,44,Q8o,A3o,K2s,J8o,Q4s,T8o,J6s
42;42.08;(>A3o,44,K6o);AA,KK,QQ,JJ,TT,AKs,99,AQs,AKo,AJs,KQs,88,ATs,AQo,KJs,KTs,QJs,AJo,KQo,QTs,A9s,77,ATo,JTs,KJo,A8s,K9s,QJo,A7s,KTo,Q9s,A5s,66,A6s,QTo,J9s,A9o,A4s,T9s,K8s,JTo,K7s,A8o,A3s,Q8s,K9o,A2s,K6s,J8s,T8s,A7o,55,Q9o,98s,K5s,Q7s,J9o,A5o,T9o,A6o,K4s,K8o,Q6s,J7s,T7s,A4o,97s,K3s,87s,Q5s,K7o,44,Q8o,A3o,K2s,J8o,Q4s,T8o,J6s,K6o
43;42.99;(>A2o,44,K6o);AA,KK,QQ,JJ,TT,AKs,99,AQs,AKo,AJs,KQs,88,ATs,AQo,KJs,KTs,QJs,AJo,KQo,QTs,A9s,77,ATo,JTs,KJo,A8s,K9s,QJo,A7s,KTo,Q9s,A5s,66,A6s,QTo,J9s,A9o,A4s,T9s,K8s,JTo,K7s,A8o,A3s,Q8s,K9o,A2s,K6s,J8s,T8s,A7o,55,Q9o,98s,K5s,Q7s,J9o,A5o,T9o,A6o,K4s,K8o,Q6s,J7s,T7s,A4o,97s,K3s,87s,Q5s,K7o,44,Q8o,A3o,K2s,J8o,Q4s,T8o,J6s,K6o,A2o
44;44.19;(>K6o,44,98o);AA,KK,QQ,JJ,TT,AKs,99,AQs,AKo,AJs,KQs,88,ATs,AQo,KJs,KTs,QJs,AJo,KQo,QTs,A9s,77,ATo,JTs,KJo,A8s,K9s,QJo,A7s,KTo,Q9s,A5s,66,A6s,QTo,J9s,A9o,A4s,T9s,K8s,JTo,K7s,A8o,A3s,Q8s,K9o,A2s,K6s,J8s,T8s,A7o,55,Q9o,98s,K5s,Q7s,J9o,A5o,T9o,A6o,K4s,K8o,Q6s,J7s,T7s,A4o,97s,K3s,87s,Q5s,K7o,44,Q8o,A3o,K2s,J8o,Q4s,T8o,J6s,K6o,A2o,T6s,98o
45;45.1;(>K6o,44,86s);AA,KK,QQ,JJ,TT,AKs,99,AQs,AKo,AJs,KQs,88,ATs,AQo,KJs,KTs,QJs,AJo,KQo,QTs,A9s,77,ATo,JTs,KJo,A8s,K9s,QJo,A7s,KTo,Q9s,A5s,66,A6s,QTo,J9s,A9o,A4s,T9s,K8s,JTo,K7s,A8o,A3s,Q8s,K9o,A2s,K6s,J8s,T8s,A7o,55,Q9o,98s,K5s,Q7s,J9o,A5o,T9o,A6o,K4s,K8o,Q6s,J7s,T7s,A4o,97s,K3s,87s,Q5s,K7o,44,Q8o,A3o,K2s,J8o,Q4s,T8o,J6s,K6o,A2o,T6s,98o,76s,96s,86s
46;46.61;(>K5o,44,J5s);AA,KK,QQ,JJ,TT,AKs,99,AQs,AKo,AJs,KQs,88,ATs,AQo,KJs,KTs,QJs,AJo,KQo,QTs,A9s,77,ATo,JTs,KJo,A8s,K9s,QJo,A7s,KTo,Q9s,A5s,66,A6s,QTo,J9s,A9o,A4s,T9s,K8s,JTo,K7s,A8o,A3s,Q8s,K9o,A2s,K6s,J8s,T8s,A7o,55,Q9o,98s,K5s,Q7s,J9o,A5o,T9o,A6o,K4s,K8o,Q6s,J7s,T7s,A4o,97s,K3s,87s,Q5s,K7o,44,Q8o,A3o,K2s,J8o,Q4s,T8o,J6s,K6o,A2o,T6s,98o,76s,96s,86s,Q3s,J5s,K5o
47;47.51;(>K5o,44,Q7o);AA,KK,QQ,JJ,TT,AKs,99,AQs,AKo,AJs,KQs,88,ATs,AQo,KJs,KTs,QJs,AJo,KQo,QTs,A9s,77,ATo,JTs,KJo,A8s,K9s,QJo,A7s,KTo,Q9s,A5s,66,A6s,QTo,J9s,A9o,A4s,T9s,K8s,JTo,K7s,A8o,A3s,Q8s,K9o,A2s,K6s,J8s,T8s,A7o,55,Q9o,98s,K5s,Q7s,J9o,A5o,T9o,A6o,K4s,K8o,Q6s,J7s,T7s,A4o,97s,K3s,87s,Q5s,K7o,44,Q8o,A3o,K2s,J8o,Q4s,T8o,J6s,K6o,A2o,T6s,98o,76s,96s,86s,Q3s,J5s,K5o,Q7o
48;48.11;(>K5o,44,J4s);AA,KK,QQ,JJ,TT,AKs,99,AQs,AKo,AJs,KQs,88,ATs,AQo,KJs,KTs,QJs,AJo,KQo,QTs,A9s,77,ATo,JTs,KJo,A8s,K9s,QJo,A7s,KTo,Q9s,A5s,66,A6s,QTo,J9s,A9o,A4s,T9s,K8s,JTo,K7s,A8o,A3s,Q8s,K9o,A2s,K6s,J8s,T8s,A7o,55,Q9o,98s,K5s,Q7s,J9o,A5o,T9o,A6o,K4s,K8o,Q6s,J7s,T7s,A4o,97s,K3s,87s,Q5s,K7o,44,Q8o,A3o,K2s,J8o,Q4s,T8o,J6s,K6o,A2o,T6s,98o,76s,96s,86s,Q3s,J5s,K5o,Q7o,Q2s,J4s
49;48.87;(>K5o,33,65s);AA,KK,QQ,JJ,TT,AKs,99,AQs,AKo,AJs,KQs,88,ATs,AQo,KJs,KTs,QJs,AJo,KQo,QTs,A9s,77,ATo,JTs,KJo,A8s,K9s,QJo,A7s,KTo,Q9s,A5s,66,A6s,QTo,J9s,A9o,A4s,T9s,K8s,JTo,K7s,A8o,A3s,Q8s,K9o,A2s,K6s,J8s,T8s,A7o,55,Q9o,98s,K5s,Q7s,J9o,A5o,T9o,A6o,K4s,K8o,Q6s,J7s,T7s,A4o,97s,K3s,87s,Q5s,K7o,44,Q8o,A3o,K2s,J8o,Q4s,T8o,J6s,K6o,A2o,T6s,98o,76s,96s,86s,Q3s,J5s,K5o,Q7o,Q2s,J4s,65s,33
50;50.68;(>K5o,33,T7o);AA,KK,QQ,JJ,TT,AKs,99,AQs,AKo,AJs,KQs,88,ATs,AQo,KJs,KTs,QJs,AJo,KQo,QTs,A9s,77,ATo,JTs,KJo,A8s,K9s,QJo,A7s,KTo,Q9s,A5s,66,A6s,QTo,J9s,A9o,A4s,T9s,K8s,JTo,K7s,A8o,A3s,Q8s,K9o,A2s,K6s,J8s,T8s,A7o,55,Q9o,98s,K5s,Q7s,J9o,A5o,T9o,A6o,K4s,K8o,Q6s,J7s,T7s,A4o,97s,K3s,87s,Q5s,K7o,44,Q8o,A3o,K2s,J8o,Q4s,T8o,J6s,K6o,A2o,T6s,98o,76s,96s,86s,Q3s,J5s,K5o,Q7o,Q2s,J4s,65s,33,J7o,T7o
51;51.58;(>K4o,33,T7o);AA,KK,QQ,JJ,TT,AKs,99,AQs,AKo,AJs,KQs,88,ATs,AQo,KJs,KTs,QJs,AJo,KQo,QTs,A9s,77,ATo,JTs,KJo,A8s,K9s,QJo,A7s,KTo,Q9s,A5s,66,A6s,QTo,J9s,A9o,A4s,T9s,K8s,JTo,K7s,A8o,A3s,Q8s,K9o,A2s,K6s,J8s,T8s,A7o,55,Q9o,98s,K5s,Q7s,J9o,A5o,T9o,A6o,K4s,K8o,Q6s,J7s,T7s,A4o,97s,K3s,87s,Q5s,K7o,44,Q8o,A3o,K2s,J8o,Q4s,T8o,J6s,K6o,A2o,T6s,98o,76s,96s,86s,Q3s,J5s,K5o,Q7o,Q2s,J4s,65s,33,J7o,T7o,K4o
52;52.19;(>K4o,33,T5s);AA,KK,QQ,JJ,TT,AKs,99,AQs,AKo,AJs,KQs,88,ATs,AQo,KJs,KTs,QJs,AJo,KQo,QTs,A9s,77,ATo,JTs,KJo,A8s,K9s,QJo,A7s,KTo,Q9s,A5s,66,A6s,QTo,J9s,A9o,A4s,T9s,K8s,JTo,K7s,A8o,A3s,Q8s,K9o,A2s,K6s,J8s,T8s,A7o,55,Q9o,98s,K5s,Q7s,J9o,A5o,T9o,A6o,K4s,K8o,Q6s,J7s,T7s,A4o,97s,K3s,87s,Q5s,K7o,44,Q8o,A3o,K2s,J8o,Q4s,T8o,J6s,K6o,A2o,T6s,98o,76s,96s,86s,Q3s,J5s,K5o,Q7o,Q2s,J4s,65s,33,J7o,T7o,K4o,75s,T5s
53;53.09;(>K4o,33,Q6o);AA,KK,QQ,JJ,TT,AKs,99,AQs,AKo,AJs,KQs,88,ATs,AQo,KJs,KTs,QJs,AJo,KQo,QTs,A9s,77,ATo,JTs,KJo,A8s,K9s,QJo,A7s,KTo,Q9s,A5s,66,A6s,QTo,J9s,A9o,A4s,T9s,K8s,JTo,K7s,A8o,A3s,Q8s,K9o,A2s,K6s,J8s,T8s,A7o,55,Q9o,98s,K5s,Q7s,J9o,A5o,T9o,A6o,K4s,K8o,Q6s,J7s,T7s,A4o,97s,K3s,87s,Q5s,K7o,44,Q8o,A3o,K2s,J8o,Q4s,T8o,J6s,K6o,A2o,T6s,98o,76s,96s,86s,Q3s,J5s,K5o,Q7o,Q2s,J4s,65s,33,J7o,T7o,K4o,75s,T5s,Q6o
54;53.7;(>K4o,33,95s);AA,KK,QQ,JJ,TT,AKs,99,AQs,AKo,AJs,KQs,88,ATs,AQo,KJs,KTs,QJs,AJo,KQo,QTs,A9s,77,ATo,JTs,KJo,A8s,K9s,QJo,A7s,KTo,Q9s,A5s,66,A6s,QTo,J9s,A9o,A4s,T9s,K8s,JTo,K7s,A8o,A3s,Q8s,K9o,A2s,K6s,J8s,T8s,A7o,55,Q9o,98s,K5s,Q7s,J9o,A5o,T9o,A6o,K4s,K8o,Q6s,J7s,T7s,A4o,97s,K3s,87s,Q5s,K7o,44,Q8o,A3o,K2s,J8o,Q4s,T8o,J6s,K6o,A2o,T6s,98o,76s,96s,86s,Q3s,J5s,K5o,Q7o,Q2s,J4s,65s,33,J7o,T7o,K4o,75s,T5s,Q6o,J3s,95s
55;54.9;(>K4o,33,85s);AA,KK,QQ,JJ,TT,AKs,99,AQs,AKo,AJs,KQs,88,ATs,AQo,KJs,KTs,QJs,AJo,KQo,QTs,A9s,77,ATo,JTs,KJo,A8s,K9s,QJo,A7s,KTo,Q9s,A5s,66,A6s,QTo,J9s,A9o,A4s,T9s,K8s,JTo,K7s,A8o,A3s,Q8s,K9o,A2s,K6s,J8s,T8s,A7o,55,Q9o,98s,K5s,Q7s,J9o,A5o,T9o,A6o,K4s,K8o,Q6s,J7s,T7s,A4o,97s,K3s,87s,Q5s,K7o,44,Q8o,A3o,K2s,J8o,Q4s,T8o,J6s,K6o,A2o,T6s,98o,76s,96s,86s,Q3s,J5s,K5o,Q7o,Q2s,J4s,65s,33,J7o,T7o,K4o,75s,T5s,Q6o,J3s,95s,87o,85s
56;56.11;(>K4o,33,T4s);AA,KK,QQ,JJ,TT,AKs,99,AQs,AKo,AJs,KQs,88,ATs,AQo,KJs,KTs,QJs,AJo,KQo,QTs,A9s,77,ATo,JTs,KJo,A8s,K9s,QJo,A7s,KTo,Q9s,A5s,66,A6s,QTo,J9s,A9o,A4s,T9s,K8s,JTo,K7s,A8o,A3s,Q8s,K9o,A2s,K6s,J8s,T8s,A7o,55,Q9o,98s,K5s,Q7s,J9o,A5o,T9o,A6o,K4s,K8o,Q6s,J7s,T7s,A4o,97s,K3s,87s,Q5s,K7o,44,Q8o,A3o,K2s,J8o,Q4s,T8o,J6s,K6o,A2o,T6s,98o,76s,96s,86s,Q3s,J5s,K5o,Q7o,Q2s,J4s,65s,33,J7o,T7o,K4o,75s,T5s,Q6o,J3s,95s,87o,85s,97o,T4s
57;57.01;(>K3o,33,T4s);AA,KK,QQ,JJ,TT,AKs,99,AQs,AKo,AJs,KQs,88,ATs,AQo,KJs,KTs,QJs,AJo,KQo,QTs,A9s,77,ATo,JTs,KJo,A8s,K9s,QJo,A7s,KTo,Q9s,A5s,66,A6s,QTo,J9s,A9o,A4s,T9s,K8s,JTo,K7s,A8o,A3s,Q8s,K9o,A2s,K6s,J8s,T8s,A7o,55,Q9o,98s,K5s,Q7s,J9o,A5o,T9o,A6o,K4s,K8o,Q6s,J7s,T7s,A4o,97s,K3s,87s,Q5s,K7o,44,Q8o,A3o,K2s,J8o,Q4s,T8o,J6s,K6o,A2o,T6s,98o,76s,96s,86s,Q3s,J5s,K5o,Q7o,Q2s,J4s,65s,33,J7o,T7o,K4o,75s,T5s,Q6o,J3s,95s,87o,85s,97o,T4s,K3o
58;58.52;(>K3o,33,Q5o);AA,KK,QQ,JJ,TT,AKs,99,AQs,AKo,AJs,KQs,88,ATs,AQo,KJs,KTs,QJs,AJo,KQo,QTs,A9s,77,ATo,JTs,KJo,A8s,K9s,QJo,A7s,KTo,Q9s,A5s,66,A6s,QTo,J9s,A9o,A4s,T9s,K8s,JTo,K7s,A8o,A3s,Q8s,K9o,A2s,K6s,J8s,T8s,A7o,55,Q9o,98s,K5s,Q7s,J9o,A5o,T9o,A6o,K4s,K8o,Q6s,J7s,T7s,A4o,97s,K3s,87s,Q5s,K7o,44,Q8o,A3o,K2s,J8o,Q4s,T8o,J6s,K6o,A2o,T6s,98o,76s,96s,86s,Q3s,J5s,K5o,Q7o,Q2s,J4s,65s,33,J7o,T7o,K4o,75s,T5s,Q6o,J3s,95s,87o,85s,97o,T4s,K3o,J2s,54s,Q5o
59;59.13;(>K3o,33,64s);AA,KK,QQ,JJ,TT,AKs,99,AQs,AKo,AJs,KQs,88,ATs,AQo,KJs,KTs,QJs,AJo,KQo,QTs,A9s,77,ATo,JTs,KJo,A8s,K9s,QJo,A7s,KTo,Q9s,A5s,66,A6s,QTo,J9s,A9o,A4s,T9s,K8s,JTo,K7s,A8o,A3s,Q8s,K9o,A2s,K6s,J8s,T8s,A7o,55,Q9o,98s,K5s,Q7s,J9o,A5o,T9o,A6o,K4s,K8o,Q6s,J7s,T7s,A4o,97s,K3s,87s,Q5s,K7o,44,Q8o,A3o,K2s,J8o,Q4s,T8o,J6s,K6o,A2o,T6s,98o,76s,96s,86s,Q3s,J5s,K5o,Q7o,Q2s,J4s,65s,33,J7o,T7o,K4o,75s,T5s,Q6o,J3s,95s,87o,85s,97o,T4s,K3o,J2s,54s,Q5o,T3s,64s
60;60.48;(>K2o,22,64s);AA,KK,QQ,JJ,TT,AKs,99,AQs,AKo,AJs,KQs,88,ATs,AQo,KJs,KTs,QJs,AJo,KQo,QTs,A9s,77,ATo,JTs,KJo,A8s,K9s,QJo,A7s,KTo,Q9s,A5s,66,A6s,QTo,J9s,A9o,A4s,T9s,K8s,JTo,K7s,A8o,A3s,Q8s,K9o,A2s,K6s,J8s,T8s,A7o,55,Q9o,98s,K5s,Q7s,J9o,A5o,T9o,A6o,K4s,K8o,Q6s,J7s,T7s,A4o,97s,K3s,87s,Q5s,K7o,44,Q8o,A3o,K2s,J8o,Q4s,T8o,J6s,K6o,A2o,T6s,98o,76s,96s,86s,Q3s,J5s,K5o,Q7o,Q2s,J4s,65s,33,J7o,T7o,K4o,75s,T5s,Q6o,J3s,95s,87o,85s,97o,T4s,K3o,J2s,54s,Q5o,T3s,64s,22,K2o
61;60.78;(>Q5o,22,74s);AA,KK,QQ,JJ,TT,AKs,99,AQs,AKo,AJs,KQs,88,ATs,AQo,KJs,KTs,QJs,AJo,KQo,QTs,A9s,77,ATo,JTs,KJo,A8s,K9s,QJo,A7s,KTo,Q9s,A5s,66,A6s,QTo,J9s,A9o,A4s,T9s,K8s,JTo,K7s,A8o,A3s,Q8s,K9o,A2s,K6s,J8s,T8s,A7o,55,Q9o,98s,K5s,Q7s,J9o,A5o,T9o,A6o,K4s,K8o,Q6s,J7s,T7s,A4o,97s,K3s,87s,Q5s,K7o,44,Q8o,A3o,K2s,J8o,Q4s,T8o,J6s,K6o,A2o,T6s,98o,76s,96s,86s,Q3s,J5s,K5o,Q7o,Q2s,J4s,65s,33,J7o,T7o,K4o,75s,T5s,Q6o,J3s,95s,87o,85s,97o,T4s,K3o,J2s,54s,Q5o,T3s,64s,22,K2o,74s
62;61.99;(>Q5o,22,T2s);AA,KK,QQ,JJ,TT,AKs,99,AQs,AKo,AJs,KQs,88,ATs,AQo,KJs,KTs,QJs,AJo,KQo,QTs,A9s,77,ATo,JTs,KJo,A8s,K9s,QJo,A7s,KTo,Q9s,A5s,66,A6s,QTo,J9s,A9o,A4s,T9s,K8s,JTo,K7s,A8o,A3s,Q8s,K9o,A2s,K6s,J8s,T8s,A7o,55,Q9o,98s,K5s,Q7s,J9o,A5o,T9o,A6o,K4s,K8o,Q6s,J7s,T7s,A4o,97s,K3s,87s,Q5s,K7o,44,Q8o,A3o,K2s,J8o,Q4s,T8o,J6s,K6o,A2o,T6s,98o,76s,96s,86s,Q3s,J5s,K5o,Q7o,Q2s,J4s,65s,33,J7o,T7o,K4o,75s,T5s,Q6o,J3s,95s,87o,85s,97o,T4s,K3o,J2s,54s,Q5o,T3s,64s,22,K2o,74s,76o,T2s
63;62.9;(>Q4o,22,T2s);AA,KK,QQ,JJ,TT,AKs,99,AQs,AKo,AJs,KQs,88,ATs,AQo,KJs,KTs,QJs,AJo,KQo,QTs,A9s,77,ATo,JTs,KJo,A8s,K9s,QJo,A7s,KTo,Q9s,A5s,66,A6s,QTo,J9s,A9o,A4s,T9s,K8s,JTo,K7s,A8o,A3s,Q8s,K9o,A2s,K6s,J8s,T8s,A7o,55,Q9o,98s,K5s,Q7s,J9o,A5o,T9o,A6o,K4s,K8o,Q6s,J7s,T7s,A4o,97s,K3s,87s,Q5s,K7o,44,Q8o,A3o,K2s,J8o,Q4s,T8o,J6s,K6o,A2o,T6s,98o,76s,96s,86s,Q3s,J5s,K5o,Q7o,Q2s,J4s,65s,33,J7o,T7o,K4o,75s,T5s,Q6o,J3s,95s,87o,85s,97o,T4s,K3o,J2s,54s,Q5o,T3s,64s,22,K2o,74s,76o,T2s,Q4o
64;64.1;(>Q4o,22,94s);AA,KK,QQ,JJ,TT,AKs,99,AQs,AKo,AJs,KQs,88,ATs,AQo,KJs,KTs,QJs,AJo,KQo,QTs,A9s,77,ATo,JTs,KJo,A8s,K9s,QJo,A7s,KTo,Q9s,A5s,66,A6s,QTo,J9s,A9o,A4s,T9s,K8s,JTo,K7s,A8o,A3s,Q8s,K9o,A2s,K6s,J8s,T8s,A7o,55,Q9o,98s,K5s,Q7s,J9o,A5o,T9o,A6o,K4s,K8o,Q6s,J7s,T7s,A4o,97s,K3s,87s,Q5s,K7o,44,Q8o,A3o,K2s,J8o,Q4s,T8o,J6s,K6o,A2o,T6s,98o,76s,96s,86s,Q3s,J5s,K5o,Q7o,Q2s,J4s,65s,33,J7o,T7o,K4o,75s,T5s,Q6o,J3s,95s,87o,85s,97o,T4s,K3o,J2s,54s,Q5o,T3s,64s,22,K2o,74s,76o,T2s,Q4o,J6o,94s
65;65.31;(>Q4o,22,86o);AA,KK,QQ,JJ,TT,AKs,99,AQs,AKo,AJs,KQs,88,ATs,AQo,KJs,KTs,QJs,AJo,KQo,QTs,A9s,77,ATo,JTs,KJo,A8s,K9s,QJo,A7s,KTo,Q9s,A5s,66,A6s,QTo,J9s,A9o,A4s,T9s,K8s,JTo,K7s,A8o,A3s,Q8s,K9o,A2s,K6s,J8s,T8s,A7o,55,Q9o,98s,K5s,Q7s,J9o,A5o,T9o,A6o,K4s,K8o,Q6s,J7s,T7s,A4o,97s,K3s,87s,Q5s,K7o,44,Q8o,A3o,K2s,J8o,Q4s,T8o,J6s,K6o,A2o,T6s,98o,76s,96s,86s,Q3s,J5s,K5o,Q7o,Q2s,J4s,65s,33,J7o,T7o,K4o,75s,T5s,Q6o,J3s,95s,87o,85s,97o,T4s,K3o,J2s,54s,Q5o,T3s,64s,22,K2o,74s,76o,T2s,Q4o,J6o,94s,84s,86o
66;66.21;(>Q4o,22,T6o);AA,KK,QQ,JJ,TT,AKs,99,AQs,AKo,AJs,KQs,88,ATs,AQo,KJs,KTs,QJs,AJo,KQo,QTs,A9s,77,ATo,JTs,KJo,A8s,K9s,QJo,A7s,KTo,Q9s,A5s,66,A6s,QTo,J9s,A9o,A4s,T9s,K8s,JTo,K7s,A8o,A3s,Q8s,K9o,A2s,K6s,J8s,T8s,A7o,55,Q9o,98s,K5s,Q7s,J9o,A5o,T9o,A6o,K4s,K8o,Q6s,J7s,T7s,A4o,97s,K3s,87s,Q5s,K7o,44,Q8o,A3o,K2s,J8o,Q4s,T8o,J6s,K6o,A2o,T6s,98o,76s,96s,86s,Q3s,J5s,K5o,Q7o,Q2s,J4s,65s,33,J7o,T7o,K4o,75s,T5s,Q6o,J3s,95s,87o,85s,97o,T4s,K3o,J2s,54s,Q5o,T3s,64s,22,K2o,74s,76o,T2s,Q4o,J6o,94s,84s,86o,T6o
67;67.12;(>Q4o,22,960);AA,KK,QQ,JJ,TT,AKs,99,AQs,AKo,AJs,KQs,88,ATs,AQo,KJs,KTs,QJs,AJo,KQo,QTs,A9s,77,ATo,JTs,KJo,A8s,K9s,QJo,A7s,KTo,Q9s,A5s,66,A6s,QTo,J9s,A9o,A4s,T9s,K8s,JTo,K7s,A8o,A3s,Q8s,K9o,A2s,K6s,J8s,T8s,A7o,55,Q9o,98s,K5s,Q7s,J9o,A5o,T9o,A6o,K4s,K8o,Q6s,J7s,T7s,A4o,97s,K3s,87s,Q5s,K7o,44,Q8o,A3o,K2s,J8o,Q4s,T8o,J6s,K6o,A2o,T6s,98o,76s,96s,86s,Q3s,J5s,K5o,Q7o,Q2s,J4s,65s,33,J7o,T7o,K4o,75s,T5s,Q6o,J3s,95s,87o,85s,97o,T4s,K3o,J2s,54s,Q5o,T3s,64s,22,K2o,74s,76o,T2s,Q4o,J6o,94s,84s,86o,T6o,96o
68;67.72;(>Q4o,22,53s);AA,KK,QQ,JJ,TT,AKs,99,AQs,AKo,AJs,KQs,88,ATs,AQo,KJs,KTs,QJs,AJo,KQo,QTs,A9s,77,ATo,JTs,KJo,A8s,K9s,QJo,A7s,KTo,Q9s,A5s,66,A6s,QTo,J9s,A9o,A4s,T9s,K8s,JTo,K7s,A8o,A3s,Q8s,K9o,A2s,K6s,J8s,T8s,A7o,55,Q9o,98s,K5s,Q7s,J9o,A5o,T9o,A6o,K4s,K8o,Q6s,J7s,T7s,A4o,97s,K3s,87s,Q5s,K7o,44,Q8o,A3o,K2s,J8o,Q4s,T8o,J6s,K6o,A2o,T6s,98o,76s,96s,86s,Q3s,J5s,K5o,Q7o,Q2s,J4s,65s,33,J7o,T7o,K4o,75s,T5s,Q6o,J3s,95s,87o,85s,97o,T4s,K3o,J2s,54s,Q5o,T3s,64s,22,K2o,74s,76o,T2s,Q4o,J6o,94s,84s,86o,T6o,96o,93s,53s
69;68.63;(>Q3o,22,53s);AA,KK,QQ,JJ,TT,AKs,99,AQs,AKo,AJs,KQs,88,ATs,AQo,KJs,KTs,QJs,AJo,KQo,QTs,A9s,77,ATo,JTs,KJo,A8s,K9s,QJo,A7s,KTo,Q9s,A5s,66,A6s,QTo,J9s,A9o,A4s,T9s,K8s,JTo,K7s,A8o,A3s,Q8s,K9o,A2s,K6s,J8s,T8s,A7o,55,Q9o,98s,K5s,Q7s,J9o,A5o,T9o,A6o,K4s,K8o,Q6s,J7s,T7s,A4o,97s,K3s,87s,Q5s,K7o,44,Q8o,A3o,K2s,J8o,Q4s,T8o,J6s,K6o,A2o,T6s,98o,76s,96s,86s,Q3s,J5s,K5o,Q7o,Q2s,J4s,65s,33,J7o,T7o,K4o,75s,T5s,Q6o,J3s,95s,87o,85s,97o,T4s,K3o,J2s,54s,Q5o,T3s,64s,22,K2o,74s,76o,T2s,Q4o,J6o,94s,84s,86o,T6o,96o,93s,53s,Q3o
70;70.14;(>Q3o,22,43s);AA,KK,QQ,JJ,TT,AKs,99,AQs,AKo,AJs,KQs,88,ATs,AQo,KJs,KTs,QJs,AJo,KQo,QTs,A9s,77,ATo,JTs,KJo,A8s,K9s,QJo,A7s,KTo,Q9s,A5s,66,A6s,QTo,J9s,A9o,A4s,T9s,K8s,JTo,K7s,A8o,A3s,Q8s,K9o,A2s,K6s,J8s,T8s,A7o,55,Q9o,98s,K5s,Q7s,J9o,A5o,T9o,A6o,K4s,K8o,Q6s,J7s,T7s,A4o,97s,K3s,87s,Q5s,K7o,44,Q8o,A3o,K2s,J8o,Q4s,T8o,J6s,K6o,A2o,T6s,98o,76s,96s,86s,Q3s,J5s,K5o,Q7o,Q2s,J4s,65s,33,J7o,T7o,K4o,75s,T5s,Q6o,J3s,95s,87o,85s,97o,T4s,K3o,J2s,54s,Q5o,T3s,64s,22,K2o,74s,76o,T2s,Q4o,J6o,94s,84s,86o,T6o,96o,93s,53s,Q3o,J5o,63s,43s
71;70.74;(>Q3o,22,73s);AA,KK,QQ,JJ,TT,AKs,99,AQs,AKo,AJs,KQs,88,ATs,AQo,KJs,KTs,QJs,AJo,KQo,QTs,A9s,77,ATo,JTs,KJo,A8s,K9s,QJo,A7s,KTo,Q9s,A5s,66,A6s,QTo,J9s,A9o,A4s,T9s,K8s,JTo,K7s,A8o,A3s,Q8s,K9o,A2s,K6s,J8s,T8s,A7o,55,Q9o,98s,K5s,Q7s,J9o,A5o,T9o,A6o,K4s,K8o,Q6s,J7s,T7s,A4o,97s,K3s,87s,Q5s,K7o,44,Q8o,A3o,K2s,J8o,Q4s,T8o,J6s,K6o,A2o,T6s,98o,76s,96s,86s,Q3s,J5s,K5o,Q7o,Q2s,J4s,65s,33,J7o,T7o,K4o,75s,T5s,Q6o,J3s,95s,87o,85s,97o,T4s,K3o,J2s,54s,Q5o,T3s,64s,22,K2o,74s,76o,T2s,Q4o,J6o,94s,84s,86o,T6o,96o,93s,53s,Q3o,J5o,63s,43s,92s,73s
72;71.64;(>Q3o,22,65o);AA,KK,QQ,JJ,TT,AKs,99,AQs,AKo,AJs,KQs,88,ATs,AQo,KJs,KTs,QJs,AJo,KQo,QTs,A9s,77,ATo,JTs,KJo,A8s,K9s,QJo,A7s,KTo,Q9s,A5s,66,A6s,QTo,J9s,A9o,A4s,T9s,K8s,JTo,K7s,A8o,A3s,Q8s,K9o,A2s,K6s,J8s,T8s,A7o,55,Q9o,98s,K5s,Q7s,J9o,A5o,T9o,A6o,K4s,K8o,Q6s,J7s,T7s,A4o,97s,K3s,87s,Q5s,K7o,44,Q8o,A3o,K2s,J8o,Q4s,T8o,J6s,K6o,A2o,T6s,98o,76s,96s,86s,Q3s,J5s,K5o,Q7o,Q2s,J4s,65s,33,J7o,T7o,K4o,75s,T5s,Q6o,J3s,95s,87o,85s,97o,T4s,K3o,J2s,54s,Q5o,T3s,64s,22,K2o,74s,76o,T2s,Q4o,J6o,94s,84s,86o,T6o,96o,93s,53s,Q3o,J5o,63s,43s,92s,73s,65o
73;72.55;(>Q2o,22,65o);AA,KK,QQ,JJ,TT,AKs,99,AQs,AKo,AJs,KQs,88,ATs,AQo,KJs,KTs,QJs,AJo,KQo,QTs,A9s,77,ATo,JTs,KJo,A8s,K9s,QJo,A7s,KTo,Q9s,A5s,66,A6s,QTo,J9s,A9o,A4s,T9s,K8s,JTo,K7s,A8o,A3s,Q8s,K9o,A2s,K6s,J8s,T8s,A7o,55,Q9o,98s,K5s,Q7s,J9o,A5o,T9o,A6o,K4s,K8o,Q6s,J7s,T7s,A4o,97s,K3s,87s,Q5s,K7o,44,Q8o,A3o,K2s,J8o,Q4s,T8o,J6s,K6o,A2o,T6s,98o,76s,96s,86s,Q3s,J5s,K5o,Q7o,Q2s,J4s,65s,33,J7o,T7o,K4o,75s,T5s,Q6o,J3s,95s,87o,85s,97o,T4s,K3o,J2s,54s,Q5o,T3s,64s,22,K2o,74s,76o,T2s,Q4o,J6o,94s,84s,86o,T6o,96o,93s,53s,Q3o,J5o,63s,43s,92s,73s,65o,Q2o
74;73.76;(>J4o,22,83s);AA,KK,QQ,JJ,TT,AKs,99,AQs,AKo,AJs,KQs,88,ATs,AQo,KJs,KTs,QJs,AJo,KQo,QTs,A9s,77,ATo,JTs,KJo,A8s,K9s,QJo,A7s,KTo,Q9s,A5s,66,A6s,QTo,J9s,A9o,A4s,T9s,K8s,JTo,K7s,A8o,A3s,Q8s,K9o,A2s,K6s,J8s,T8s,A7o,55,Q9o,98s,K5s,Q7s,J9o,A5o,T9o,A6o,K4s,K8o,Q6s,J7s,T7s,A4o,97s,K3s,87s,Q5s,K7o,44,Q8o,A3o,K2s,J8o,Q4s,T8o,J6s,K6o,A2o,T6s,98o,76s,96s,86s,Q3s,J5s,K5o,Q7o,Q2s,J4s,65s,33,J7o,T7o,K4o,75s,T5s,Q6o,J3s,95s,87o,85s,97o,T4s,K3o,J2s,54s,Q5o,T3s,64s,22,K2o,74s,76o,T2s,Q4o,J6o,94s,84s,86o,T6o,96o,93s,53s,Q3o,J5o,63s,43s,92s,73s,65o,Q2o,J4o,83s
75;74.96;(>J4o,22,52s);AA,KK,QQ,JJ,TT,AKs,99,AQs,AKo,AJs,KQs,88,ATs,AQo,KJs,KTs,QJs,AJo,KQo,QTs,A9s,77,ATo,JTs,KJo,A8s,K9s,QJo,A7s,KTo,Q9s,A5s,66,A6s,QTo,J9s,A9o,A4s,T9s,K8s,JTo,K7s,A8o,A3s,Q8s,K9o,A2s,K6s,J8s,T8s,A7o,55,Q9o,98s,K5s,Q7s,J9o,A5o,T9o,A6o,K4s,K8o,Q6s,J7s,T7s,A4o,97s,K3s,87s,Q5s,K7o,44,Q8o,A3o,K2s,J8o,Q4s,T8o,J6s,K6o,A2o,T6s,98o,76s,96s,86s,Q3s,J5s,K5o,Q7o,Q2s,J4s,65s,33,J7o,T7o,K4o,75s,T5s,Q6o,J3s,95s,87o,85s,97o,T4s,K3o,J2s,54s,Q5o,T3s,64s,22,K2o,74s,76o,T2s,Q4o,J6o,94s,84s,86o,T6o,96o,93s,53s,Q3o,J5o,63s,43s,92s,73s,65o,Q2o,J4o,83s,75o,52s
76;76.17;(>J4o,22,82s);AA,KK,QQ,JJ,TT,AKs,99,AQs,AKo,AJs,KQs,88,ATs,AQo,KJs,KTs,QJs,AJo,KQo,QTs,A9s,77,ATo,JTs,KJo,A8s,K9s,QJo,A7s,KTo,Q9s,A5s,66,A6s,QTo,J9s,A9o,A4s,T9s,K8s,JTo,K7s,A8o,A3s,Q8s,K9o,A2s,K6s,J8s,T8s,A7o,55,Q9o,98s,K5s,Q7s,J9o,A5o,T9o,A6o,K4s,K8o,Q6s,J7s,T7s,A4o,97s,K3s,87s,Q5s,K7o,44,Q8o,A3o,K2s,J8o,Q4s,T8o,J6s,K6o,A2o,T6s,98o,76s,96s,86s,Q3s,J5s,K5o,Q7o,Q2s,J4s,65s,33,J7o,T7o,K4o,75s,T5s,Q6o,J3s,95s,87o,85s,97o,T4s,K3o,J2s,54s,Q5o,T3s,64s,22,K2o,74s,76o,T2s,Q4o,J6o,94s,84s,86o,T6o,96o,93s,53s,Q3o,J5o,63s,43s,92s,73s,65o,Q2o,J4o,83s,75o,52s,85o,82s
77;77.07;(>J4o,22,T5o);AA,KK,QQ,JJ,TT,AKs,99,AQs,AKo,AJs,KQs,88,ATs,AQo,KJs,KTs,QJs,AJo,KQo,QTs,A9s,77,ATo,JTs,KJo,A8s,K9s,QJo,A7s,KTo,Q9s,A5s,66,A6s,QTo,J9s,A9o,A4s,T9s,K8s,JTo,K7s,A8o,A3s,Q8s,K9o,A2s,K6s,J8s,T8s,A7o,55,Q9o,98s,K5s,Q7s,J9o,A5o,T9o,A6o,K4s,K8o,Q6s,J7s,T7s,A4o,97s,K3s,87s,Q5s,K7o,44,Q8o,A3o,K2s,J8o,Q4s,T8o,J6s,K6o,A2o,T6s,98o,76s,96s,86s,Q3s,J5s,K5o,Q7o,Q2s,J4s,65s,33,J7o,T7o,K4o,75s,T5s,Q6o,J3s,95s,87o,85s,97o,T4s,K3o,J2s,54s,Q5o,T3s,64s,22,K2o,74s,76o,T2s,Q4o,J6o,94s,84s,86o,T6o,96o,93s,53s,Q3o,J5o,63s,43s,92s,73s,65o,Q2o,J4o,83s,75o,52s,85o,82s,T5o
78;77.98;(>J4o,22,95o);AA,KK,QQ,JJ,TT,AKs,99,AQs,AKo,AJs,KQs,88,ATs,AQo,KJs,KTs,QJs,AJo,KQo,QTs,A9s,77,ATo,JTs,KJo,A8s,K9s,QJo,A7s,KTo,Q9s,A5s,66,A6s,QTo,J9s,A9o,A4s,T9s,K8s,JTo,K7s,A8o,A3s,Q8s,K9o,A2s,K6s,J8s,T8s,A7o,55,Q9o,98s,K5s,Q7s,J9o,A5o,T9o,A6o,K4s,K8o,Q6s,J7s,T7s,A4o,97s,K3s,87s,Q5s,K7o,44,Q8o,A3o,K2s,J8o,Q4s,T8o,J6s,K6o,A2o,T6s,98o,76s,96s,86s,Q3s,J5s,K5o,Q7o,Q2s,J4s,65s,33,J7o,T7o,K4o,75s,T5s,Q6o,J3s,95s,87o,85s,97o,T4s,K3o,J2s,54s,Q5o,T3s,64s,22,K2o,74s,76o,T2s,Q4o,J6o,94s,84s,86o,T6o,96o,93s,53s,Q3o,J5o,63s,43s,92s,73s,65o,Q2o,J4o,83s,75o,52s,85o,82s,T5o,95o
79;78.88;(>J3o,22,95o);AA,KK,QQ,JJ,TT,AKs,99,AQs,AKo,AJs,KQs,88,ATs,AQo,KJs,KTs,QJs,AJo,KQo,QTs,A9s,77,ATo,JTs,KJo,A8s,K9s,QJo,A7s,KTo,Q9s,A5s,66,A6s,QTo,J9s,A9o,A4s,T9s,K8s,JTo,K7s,A8o,A3s,Q8s,K9o,A2s,K6s,J8s,T8s,A7o,55,Q9o,98s,K5s,Q7s,J9o,A5o,T9o,A6o,K4s,K8o,Q6s,J7s,T7s,A4o,97s,K3s,87s,Q5s,K7o,44,Q8o,A3o,K2s,J8o,Q4s,T8o,J6s,K6o,A2o,T6s,98o,76s,96s,86s,Q3s,J5s,K5o,Q7o,Q2s,J4s,65s,33,J7o,T7o,K4o,75s,T5s,Q6o,J3s,95s,87o,85s,97o,T4s,K3o,J2s,54s,Q5o,T3s,64s,22,K2o,74s,76o,T2s,Q4o,J6o,94s,84s,86o,T6o,96o,93s,53s,Q3o,J5o,63s,43s,92s,73s,65o,Q2o,J4o,83s,75o,52s,85o,82s,T5o,95o,J3o
80;80.09;(>J3o,22,54o);AA,KK,QQ,JJ,TT,AKs,99,AQs,AKo,AJs,KQs,88,ATs,AQo,KJs,KTs,QJs,AJo,KQo,QTs,A9s,77,ATo,JTs,KJo,A8s,K9s,QJo,A7s,KTo,Q9s,A5s,66,A6s,QTo,J9s,A9o,A4s,T9s,K8s,JTo,K7s,A8o,A3s,Q8s,K9o,A2s,K6s,J8s,T8s,A7o,55,Q9o,98s,K5s,Q7s,J9o,A5o,T9o,A6o,K4s,K8o,Q6s,J7s,T7s,A4o,97s,K3s,87s,Q5s,K7o,44,Q8o,A3o,K2s,J8o,Q4s,T8o,J6s,K6o,A2o,T6s,98o,76s,96s,86s,Q3s,J5s,K5o,Q7o,Q2s,J4s,65s,33,J7o,T7o,K4o,75s,T5s,Q6o,J3s,95s,87o,85s,97o,T4s,K3o,J2s,54s,Q5o,T3s,64s,22,K2o,74s,76o,T2s,Q4o,J6o,94s,84s,86o,T6o,96o,93s,53s,Q3o,J5o,63s,43s,92s,73s,65o,Q2o,J4o,83s,75o,52s,85o,82s,T5o,95o,J3o,62s,54o
81;81.3;(>J3o,22,T4o);AA,KK,QQ,JJ,TT,AKs,99,AQs,AKo,AJs,KQs,88,ATs,AQo,KJs,KTs,QJs,AJo,KQo,QTs,A9s,77,ATo,JTs,KJo,A8s,K9s,QJo,A7s,KTo,Q9s,A5s,66,A6s,QTo,J9s,A9o,A4s,T9s,K8s,JTo,K7s,A8o,A3s,Q8s,K9o,A2s,K6s,J8s,T8s,A7o,55,Q9o,98s,K5s,Q7s,J9o,A5o,T9o,A6o,K4s,K8o,Q6s,J7s,T7s,A4o,97s,K3s,87s,Q5s,K7o,44,Q8o,A3o,K2s,J8o,Q4s,T8o,J6s,K6o,A2o,T6s,98o,76s,96s,86s,Q3s,J5s,K5o,Q7o,Q2s,J4s,65s,33,J7o,T7o,K4o,75s,T5s,Q6o,J3s,95s,87o,85s,97o,T4s,K3o,J2s,54s,Q5o,T3s,64s,22,K2o,74s,76o,T2s,Q4o,J6o,94s,84s,86o,T6o,96o,93s,53s,Q3o,J5o,63s,43s,92s,73s,65o,Q2o,J4o,83s,75o,52s,85o,82s,T5o,95o,J3o,62s,54o,42s,T4o
82;82.2;(>J2o,22,T4o);AA,KK,QQ,JJ,TT,AKs,99,AQs,AKo,AJs,KQs,88,ATs,AQo,KJs,KTs,QJs,AJo,KQo,QTs,A9s,77,ATo,JTs,KJo,A8s,K9s,QJo,A7s,KTo,Q9s,A5s,66,A6s,QTo,J9s,A9o,A4s,T9s,K8s,JTo,K7s,A8o,A3s,Q8s,K9o,A2s,K6s,J8s,T8s,A7o,55,Q9o,98s,K5s,Q7s,J9o,A5o,T9o,A6o,K4s,K8o,Q6s,J7s,T7s,A4o,97s,K3s,87s,Q5s,K7o,44,Q8o,A3o,K2s,J8o,Q4s,T8o,J6s,K6o,A2o,T6s,98o,76s,96s,86s,Q3s,J5s,K5o,Q7o,Q2s,J4s,65s,33,J7o,T7o,K4o,75s,T5s,Q6o,J3s,95s,87o,85s,97o,T4s,K3o,J2s,54s,Q5o,T3s,64s,22,K2o,74s,76o,T2s,Q4o,J6o,94s,84s,86o,T6o,96o,93s,53s,Q3o,J5o,63s,43s,92s,73s,65o,Q2o,J4o,83s,75o,52s,85o,82s,T5o,95o,J3o,62s,54o,42s,T4o,J2o
83;83.41;(>T4o,22,64o);AA,KK,QQ,JJ,TT,AKs,99,AQs,AKo,AJs,KQs,88,ATs,AQo,KJs,KTs,QJs,AJo,KQo,QTs,A9s,77,ATo,JTs,KJo,A8s,K9s,QJo,A7s,KTo,Q9s,A5s,66,A6s,QTo,J9s,A9o,A4s,T9s,K8s,JTo,K7s,A8o,A3s,Q8s,K9o,A2s,K6s,J8s,T8s,A7o,55,Q9o,98s,K5s,Q7s,J9o,A5o,T9o,A6o,K4s,K8o,Q6s,J7s,T7s,A4o,97s,K3s,87s,Q5s,K7o,44,Q8o,A3o,K2s,J8o,Q4s,T8o,J6s,K6o,A2o,T6s,98o,76s,96s,86s,Q3s,J5s,K5o,Q7o,Q2s,J4s,65s,33,J7o,T7o,K4o,75s,T5s,Q6o,J3s,95s,87o,85s,97o,T4s,K3o,J2s,54s,Q5o,T3s,64s,22,K2o,74s,76o,T2s,Q4o,J6o,94s,84s,86o,T6o,96o,93s,53s,Q3o,J5o,63s,43s,92s,73s,65o,Q2o,J4o,83s,75o,52s,85o,82s,T5o,95o,J3o,62s,54o,42s,T4o,J2o,72s,64o
84;84.31;(>T3o,22,64o);AA,KK,QQ,JJ,TT,AKs,99,AQs,AKo,AJs,KQs,88,ATs,AQo,KJs,KTs,QJs,AJo,KQo,QTs,A9s,77,ATo,JTs,KJo,A8s,K9s,QJo,A7s,KTo,Q9s,A5s,66,A6s,QTo,J9s,A9o,A4s,T9s,K8s,JTo,K7s,A8o,A3s,Q8s,K9o,A2s,K6s,J8s,T8s,A7o,55,Q9o,98s,K5s,Q7s,J9o,A5o,T9o,A6o,K4s,K8o,Q6s,J7s,T7s,A4o,97s,K3s,87s,Q5s,K7o,44,Q8o,A3o,K2s,J8o,Q4s,T8o,J6s,K6o,A2o,T6s,98o,76s,96s,86s,Q3s,J5s,K5o,Q7o,Q2s,J4s,65s,33,J7o,T7o,K4o,75s,T5s,Q6o,J3s,95s,87o,85s,97o,T4s,K3o,J2s,54s,Q5o,T3s,64s,22,K2o,74s,76o,T2s,Q4o,J6o,94s,84s,86o,T6o,96o,93s,53s,Q3o,J5o,63s,43s,92s,73s,65o,Q2o,J4o,83s,75o,52s,85o,82s,T5o,95o,J3o,62s,54o,42s,T4o,J2o,72s,64o,T3o
85;85.52;(>T3o,22,74o);AA,KK,QQ,JJ,TT,AKs,99,AQs,AKo,AJs,KQs,88,ATs,AQo,KJs,KTs,QJs,AJo,KQo,QTs,A9s,77,ATo,JTs,KJo,A8s,K9s,QJo,A7s,KTo,Q9s,A5s,66,A6s,QTo,J9s,A9o,A4s,T9s,K8s,JTo,K7s,A8o,A3s,Q8s,K9o,A2s,K6s,J8s,T8s,A7o,55,Q9o,98s,K5s,Q7s,J9o,A5o,T9o,A6o,K4s,K8o,Q6s,J7s,T7s,A4o,97s,K3s,87s,Q5s,K7o,44,Q8o,A3o,K2s,J8o,Q4s,T8o,J6s,K6o,A2o,T6s,98o,76s,96s,86s,Q3s,J5s,K5o,Q7o,Q2s,J4s,65s,33,J7o,T7o,K4o,75s,T5s,Q6o,J3s,95s,87o,85s,97o,T4s,K3o,J2s,54s,Q5o,T3s,64s,22,K2o,74s,76o,T2s,Q4o,J6o,94s,84s,86o,T6o,96o,93s,53s,Q3o,J5o,63s,43s,92s,73s,65o,Q2o,J4o,83s,75o,52s,85o,82s,T5o,95o,J3o,62s,54o,42s,T4o,J2o,72s,64o,T3o,32s,74o
86;86.43;(>T3o,22,84o);AA,KK,QQ,JJ,TT,AKs,99,AQs,AKo,AJs,KQs,88,ATs,AQo,KJs,KTs,QJs,AJo,KQo,QTs,A9s,77,ATo,JTs,KJo,A8s,K9s,QJo,A7s,KTo,Q9s,A5s,66,A6s,QTo,J9s,A9o,A4s,T9s,K8s,JTo,K7s,A8o,A3s,Q8s,K9o,A2s,K6s,J8s,T8s,A7o,55,Q9o,98s,K5s,Q7s,J9o,A5o,T9o,A6o,K4s,K8o,Q6s,J7s,T7s,A4o,97s,K3s,87s,Q5s,K7o,44,Q8o,A3o,K2s,J8o,Q4s,T8o,J6s,K6o,A2o,T6s,98o,76s,96s,86s,Q3s,J5s,K5o,Q7o,Q2s,J4s,65s,33,J7o,T7o,K4o,75s,T5s,Q6o,J3s,95s,87o,85s,97o,T4s,K3o,J2s,54s,Q5o,T3s,64s,22,K2o,74s,76o,T2s,Q4o,J6o,94s,84s,86o,T6o,96o,93s,53s,Q3o,J5o,63s,43s,92s,73s,65o,Q2o,J4o,83s,75o,52s,85o,82s,T5o,95o,J3o,62s,54o,42s,T4o,J2o,72s,64o,T3o,32s,74o,84o
87;87.33;(>T2o,22,84o);AA,KK,QQ,JJ,TT,AKs,99,AQs,AKo,AJs,KQs,88,ATs,AQo,KJs,KTs,QJs,AJo,KQo,QTs,A9s,77,ATo,JTs,KJo,A8s,K9s,QJo,A7s,KTo,Q9s,A5s,66,A6s,QTo,J9s,A9o,A4s,T9s,K8s,JTo,K7s,A8o,A3s,Q8s,K9o,A2s,K6s,J8s,T8s,A7o,55,Q9o,98s,K5s,Q7s,J9o,A5o,T9o,A6o,K4s,K8o,Q6s,J7s,T7s,A4o,97s,K3s,87s,Q5s,K7o,44,Q8o,A3o,K2s,J8o,Q4s,T8o,J6s,K6o,A2o,T6s,98o,76s,96s,86s,Q3s,J5s,K5o,Q7o,Q2s,J4s,65s,33,J7o,T7o,K4o,75s,T5s,Q6o,J3s,95s,87o,85s,97o,T4s,K3o,J2s,54s,Q5o,T3s,64s,22,K2o,74s,76o,T2s,Q4o,J6o,94s,84s,86o,T6o,96o,93s,53s,Q3o,J5o,63s,43s,92s,73s,65o,Q2o,J4o,83s,75o,52s,85o,82s,T5o,95o,J3o,62s,54o,42s,T4o,J2o,72s,64o,T3o,32s,74o,84o,T2o
88;88.24;(>94o,22,84o);AA,KK,QQ,JJ,TT,AKs,99,AQs,AKo,AJs,KQs,88,ATs,AQo,KJs,KTs,QJs,AJo,KQo,QTs,A9s,77,ATo,JTs,KJo,A8s,K9s,QJo,A7s,KTo,Q9s,A5s,66,A6s,QTo,J9s,A9o,A4s,T9s,K8s,JTo,K7s,A8o,A3s,Q8s,K9o,A2s,K6s,J8s,T8s,A7o,55,Q9o,98s,K5s,Q7s,J9o,A5o,T9o,A6o,K4s,K8o,Q6s,J7s,T7s,A4o,97s,K3s,87s,Q5s,K7o,44,Q8o,A3o,K2s,J8o,Q4s,T8o,J6s,K6o,A2o,T6s,98o,76s,96s,86s,Q3s,J5s,K5o,Q7o,Q2s,J4s,65s,33,J7o,T7o,K4o,75s,T5s,Q6o,J3s,95s,87o,85s,97o,T4s,K3o,J2s,54s,Q5o,T3s,64s,22,K2o,74s,76o,T2s,Q4o,J6o,94s,84s,86o,T6o,96o,93s,53s,Q3o,J5o,63s,43s,92s,73s,65o,Q2o,J4o,83s,75o,52s,85o,82s,T5o,95o,J3o,62s,54o,42s,T4o,J2o,72s,64o,T3o,32s,74o,84o,T2o,94o
89;89.14;(>94o,22,53o);AA,KK,QQ,JJ,TT,AKs,99,AQs,AKo,AJs,KQs,88,ATs,AQo,KJs,KTs,QJs,AJo,KQo,QTs,A9s,77,ATo,JTs,KJo,A8s,K9s,QJo,A7s,KTo,Q9s,A5s,66,A6s,QTo,J9s,A9o,A4s,T9s,K8s,JTo,K7s,A8o,A3s,Q8s,K9o,A2s,K6s,J8s,T8s,A7o,55,Q9o,98s,K5s,Q7s,J9o,A5o,T9o,A6o,K4s,K8o,Q6s,J7s,T7s,A4o,97s,K3s,87s,Q5s,K7o,44,Q8o,A3o,K2s,J8o,Q4s,T8o,J6s,K6o,A2o,T6s,98o,76s,96s,86s,Q3s,J5s,K5o,Q7o,Q2s,J4s,65s,33,J7o,T7o,K4o,75s,T5s,Q6o,J3s,95s,87o,85s,97o,T4s,K3o,J2s,54s,Q5o,T3s,64s,22,K2o,74s,76o,T2s,Q4o,J6o,94s,84s,86o,T6o,96o,93s,53s,Q3o,J5o,63s,43s,92s,73s,65o,Q2o,J4o,83s,75o,52s,85o,82s,T5o,95o,J3o,62s,54o,42s,T4o,J2o,72s,64o,T3o,32s,74o,84o,T2o,94o,53o
90;90.05;(>93o,22,53o);AA,KK,QQ,JJ,TT,AKs,99,AQs,AKo,AJs,KQs,88,ATs,AQo,KJs,KTs,QJs,AJo,KQo,QTs,A9s,77,ATo,JTs,KJo,A8s,K9s,QJo,A7s,KTo,Q9s,A5s,66,A6s,QTo,J9s,A9o,A4s,T9s,K8s,JTo,K7s,A8o,A3s,Q8s,K9o,A2s,K6s,J8s,T8s,A7o,55,Q9o,98s,K5s,Q7s,J9o,A5o,T9o,A6o,K4s,K8o,Q6s,J7s,T7s,A4o,97s,K3s,87s,Q5s,K7o,44,Q8o,A3o,K2s,J8o,Q4s,T8o,J6s,K6o,A2o,T6s,98o,76s,96s,86s,Q3s,J5s,K5o,Q7o,Q2s,J4s,65s,33,J7o,T7o,K4o,75s,T5s,Q6o,J3s,95s,87o,85s,97o,T4s,K3o,J2s,54s,Q5o,T3s,64s,22,K2o,74s,76o,T2s,Q4o,J6o,94s,84s,86o,T6o,96o,93s,53s,Q3o,J5o,63s,43s,92s,73s,65o,Q2o,J4o,83s,75o,52s,85o,82s,T5o,95o,J3o,62s,54o,42s,T4o,J2o,72s,64o,T3o,32s,74o,84o,T2o,94o,53o,93o
91;90.95;(>93o,22,63o);AA,KK,QQ,JJ,TT,AKs,99,AQs,AKo,AJs,KQs,88,ATs,AQo,KJs,KTs,QJs,AJo,KQo,QTs,A9s,77,ATo,JTs,KJo,A8s,K9s,QJo,A7s,KTo,Q9s,A5s,66,A6s,QTo,J9s,A9o,A4s,T9s,K8s,JTo,K7s,A8o,A3s,Q8s,K9o,A2s,K6s,J8s,T8s,A7o,55,Q9o,98s,K5s,Q7s,J9o,A5o,T9o,A6o,K4s,K8o,Q6s,J7s,T7s,A4o,97s,K3s,87s,Q5s,K7o,44,Q8o,A3o,K2s,J8o,Q4s,T8o,J6s,K6o,A2o,T6s,98o,76s,96s,86s,Q3s,J5s,K5o,Q7o,Q2s,J4s,65s,33,J7o,T7o,K4o,75s,T5s,Q6o,J3s,95s,87o,85s,97o,T4s,K3o,J2s,54s,Q5o,T3s,64s,22,K2o,74s,76o,T2s,Q4o,J6o,94s,84s,86o,T6o,96o,93s,53s,Q3o,J5o,63s,43s,92s,73s,65o,Q2o,J4o,83s,75o,52s,85o,82s,T5o,95o,J3o,62s,54o,42s,T4o,J2o,72s,64o,T3o,32s,74o,84o,T2o,94o,53o,93o,63o
92;91.86;(>93o,22,43o);AA,KK,QQ,JJ,TT,AKs,99,AQs,AKo,AJs,KQs,88,ATs,AQo,KJs,KTs,QJs,AJo,KQo,QTs,A9s,77,ATo,JTs,KJo,A8s,K9s,QJo,A7s,KTo,Q9s,A5s,66,A6s,QTo,J9s,A9o,A4s,T9s,K8s,JTo,K7s,A8o,A3s,Q8s,K9o,A2s,K6s,J8s,T8s,A7o,55,Q9o,98s,K5s,Q7s,J9o,A5o,T9o,A6o,K4s,K8o,Q6s,J7s,T7s,A4o,97s,K3s,87s,Q5s,K7o,44,Q8o,A3o,K2s,J8o,Q4s,T8o,J6s,K6o,A2o,T6s,98o,76s,96s,86s,Q3s,J5s,K5o,Q7o,Q2s,J4s,65s,33,J7o,T7o,K4o,75s,T5s,Q6o,J3s,95s,87o,85s,97o,T4s,K3o,J2s,54s,Q5o,T3s,64s,22,K2o,74s,76o,T2s,Q4o,J6o,94s,84s,86o,T6o,96o,93s,53s,Q3o,J5o,63s,43s,92s,73s,65o,Q2o,J4o,83s,75o,52s,85o,82s,T5o,95o,J3o,62s,54o,42s,T4o,J2o,72s,64o,T3o,32s,74o,84o,T2o,94o,53o,93o,63o,43o
93;92.76;(>92o,22,43o);AA,KK,QQ,JJ,TT,AKs,99,AQs,AKo,AJs,KQs,88,ATs,AQo,KJs,KTs,QJs,AJo,KQo,QTs,A9s,77,ATo,JTs,KJo,A8s,K9s,QJo,A7s,KTo,Q9s,A5s,66,A6s,QTo,J9s,A9o,A4s,T9s,K8s,JTo,K7s,A8o,A3s,Q8s,K9o,A2s,K6s,J8s,T8s,A7o,55,Q9o,98s,K5s,Q7s,J9o,A5o,T9o,A6o,K4s,K8o,Q6s,J7s,T7s,A4o,97s,K3s,87s,Q5s,K7o,44,Q8o,A3o,K2s,J8o,Q4s,T8o,J6s,K6o,A2o,T6s,98o,76s,96s,86s,Q3s,J5s,K5o,Q7o,Q2s,J4s,65s,33,J7o,T7o,K4o,75s,T5s,Q6o,J3s,95s,87o,85s,97o,T4s,K3o,J2s,54s,Q5o,T3s,64s,22,K2o,74s,76o,T2s,Q4o,J6o,94s,84s,86o,T6o,96o,93s,53s,Q3o,J5o,63s,43s,92s,73s,65o,Q2o,J4o,83s,75o,52s,85o,82s,T5o,95o,J3o,62s,54o,42s,T4o,J2o,72s,64o,T3o,32s,74o,84o,T2o,94o,53o,93o,63o,43o,92o
94;93.67;(>84o,22,73o);AA,KK,QQ,JJ,TT,AKs,99,AQs,AKo,AJs,KQs,88,ATs,AQo,KJs,KTs,QJs,AJo,KQo,QTs,A9s,77,ATo,JTs,KJo,A8s,K9s,QJo,A7s,KTo,Q9s,A5s,66,A6s,QTo,J9s,A9o,A4s,T9s,K8s,JTo,K7s,A8o,A3s,Q8s,K9o,A2s,K6s,J8s,T8s,A7o,55,Q9o,98s,K5s,Q7s,J9o,A5o,T9o,A6o,K4s,K8o,Q6s,J7s,T7s,A4o,97s,K3s,87s,Q5s,K7o,44,Q8o,A3o,K2s,J8o,Q4s,T8o,J6s,K6o,A2o,T6s,98o,76s,96s,86s,Q3s,J5s,K5o,Q7o,Q2s,J4s,65s,33,J7o,T7o,K4o,75s,T5s,Q6o,J3s,95s,87o,85s,97o,T4s,K3o,J2s,54s,Q5o,T3s,64s,22,K2o,74s,76o,T2s,Q4o,J6o,94s,84s,86o,T6o,96o,93s,53s,Q3o,J5o,63s,43s,92s,73s,65o,Q2o,J4o,83s,75o,52s,85o,82s,T5o,95o,J3o,62s,54o,42s,T4o,J2o,72s,64o,T3o,32s,74o,84o,T2o,94o,53o,93o,63o,43o,92o,73o
95;94.57;(>83o,22,73o);AA,KK,QQ,JJ,TT,AKs,99,AQs,AKo,AJs,KQs,88,ATs,AQo,KJs,KTs,QJs,AJo,KQo,QTs,A9s,77,ATo,JTs,KJo,A8s,K9s,QJo,A7s,KTo,Q9s,A5s,66,A6s,QTo,J9s,A9o,A4s,T9s,K8s,JTo,K7s,A8o,A3s,Q8s,K9o,A2s,K6s,J8s,T8s,A7o,55,Q9o,98s,K5s,Q7s,J9o,A5o,T9o,A6o,K4s,K8o,Q6s,J7s,T7s,A4o,97s,K3s,87s,Q5s,K7o,44,Q8o,A3o,K2s,J8o,Q4s,T8o,J6s,K6o,A2o,T6s,98o,76s,96s,86s,Q3s,J5s,K5o,Q7o,Q2s,J4s,65s,33,J7o,T7o,K4o,75s,T5s,Q6o,J3s,95s,87o,85s,97o,T4s,K3o,J2s,54s,Q5o,T3s,64s,22,K2o,74s,76o,T2s,Q4o,J6o,94s,84s,86o,T6o,96o,93s,53s,Q3o,J5o,63s,43s,92s,73s,65o,Q2o,J4o,83s,75o,52s,85o,82s,T5o,95o,J3o,62s,54o,42s,T4o,J2o,72s,64o,T3o,32s,74o,84o,T2o,94o,53o,93o,63o,43o,92o,73o,83o
96;96.38;(>82o,22,52o);AA,KK,QQ,JJ,TT,AKs,99,AQs,AKo,AJs,KQs,88,ATs,AQo,KJs,KTs,QJs,AJo,KQo,QTs,A9s,77,ATo,JTs,KJo,A8s,K9s,QJo,A7s,KTo,Q9s,A5s,66,A6s,QTo,J9s,A9o,A4s,T9s,K8s,JTo,K7s,A8o,A3s,Q8s,K9o,A2s,K6s,J8s,T8s,A7o,55,Q9o,98s,K5s,Q7s,J9o,A5o,T9o,A6o,K4s,K8o,Q6s,J7s,T7s,A4o,97s,K3s,87s,Q5s,K7o,44,Q8o,A3o,K2s,J8o,Q4s,T8o,J6s,K6o,A2o,T6s,98o,76s,96s,86s,Q3s,J5s,K5o,Q7o,Q2s,J4s,65s,33,J7o,T7o,K4o,75s,T5s,Q6o,J3s,95s,87o,85s,97o,T4s,K3o,J2s,54s,Q5o,T3s,64s,22,K2o,74s,76o,T2s,Q4o,J6o,94s,84s,86o,T6o,96o,93s,53s,Q3o,J5o,63s,43s,92s,73s,65o,Q2o,J4o,83s,75o,52s,85o,82s,T5o,95o,J3o,62s,54o,42s,T4o,J2o,72s,64o,T3o,32s,74o,84o,T2o,94o,53o,93o,63o,43o,92o,73o,83o,52o,82o
97;97.29;(>73o,22,42o);AA,KK,QQ,JJ,TT,AKs,99,AQs,AKo,AJs,KQs,88,ATs,AQo,KJs,KTs,QJs,AJo,KQo,QTs,A9s,77,ATo,JTs,KJo,A8s,K9s,QJo,A7s,KTo,Q9s,A5s,66,A6s,QTo,J9s,A9o,A4s,T9s,K8s,JTo,K7s,A8o,A3s,Q8s,K9o,A2s,K6s,J8s,T8s,A7o,55,Q9o,98s,K5s,Q7s,J9o,A5o,T9o,A6o,K4s,K8o,Q6s,J7s,T7s,A4o,97s,K3s,87s,Q5s,K7o,44,Q8o,A3o,K2s,J8o,Q4s,T8o,J6s,K6o,A2o,T6s,98o,76s,96s,86s,Q3s,J5s,K5o,Q7o,Q2s,J4s,65s,33,J7o,T7o,K4o,75s,T5s,Q6o,J3s,95s,87o,85s,97o,T4s,K3o,J2s,54s,Q5o,T3s,64s,22,K2o,74s,76o,T2s,Q4o,J6o,94s,84s,86o,T6o,96o,93s,53s,Q3o,J5o,63s,43s,92s,73s,65o,Q2o,J4o,83s,75o,52s,85o,82s,T5o,95o,J3o,62s,54o,42s,T4o,J2o,72s,64o,T3o,32s,74o,84o,T2o,94o,53o,93o,63o,43o,92o,73o,83o,52o,82o,42o
98;98.19;(>73o,22,62o);AA,KK,QQ,JJ,TT,AKs,99,AQs,AKo,AJs,KQs,88,ATs,AQo,KJs,KTs,QJs,AJo,KQo,QTs,A9s,77,ATo,JTs,KJo,A8s,K9s,QJo,A7s,KTo,Q9s,A5s,66,A6s,QTo,J9s,A9o,A4s,T9s,K8s,JTo,K7s,A8o,A3s,Q8s,K9o,A2s,K6s,J8s,T8s,A7o,55,Q9o,98s,K5s,Q7s,J9o,A5o,T9o,A6o,K4s,K8o,Q6s,J7s,T7s,A4o,97s,K3s,87s,Q5s,K7o,44,Q8o,A3o,K2s,J8o,Q4s,T8o,J6s,K6o,A2o,T6s,98o,76s,96s,86s,Q3s,J5s,K5o,Q7o,Q2s,J4s,65s,33,J7o,T7o,K4o,75s,T5s,Q6o,J3s,95s,87o,85s,97o,T4s,K3o,J2s,54s,Q5o,T3s,64s,22,K2o,74s,76o,T2s,Q4o,J6o,94s,84s,86o,T6o,96o,93s,53s,Q3o,J5o,63s,43s,92s,73s,65o,Q2o,J4o,83s,75o,52s,85o,82s,T5o,95o,J3o,62s,54o,42s,T4o,J2o,72s,64o,T3o,32s,74o,84o,T2o,94o,53o,93o,63o,43o,92o,73o,83o,52o,82o,42o,62o
99;99.1;(>72o,22,62o);AA,KK,QQ,JJ,TT,AKs,99,AQs,AKo,AJs,KQs,88,ATs,AQo,KJs,KTs,QJs,AJo,KQo,QTs,A9s,77,ATo,JTs,KJo,A8s,K9s,QJo,A7s,KTo,Q9s,A5s,66,A6s,QTo,J9s,A9o,A4s,T9s,K8s,JTo,K7s,A8o,A3s,Q8s,K9o,A2s,K6s,J8s,T8s,A7o,55,Q9o,98s,K5s,Q7s,J9o,A5o,T9o,A6o,K4s,K8o,Q6s,J7s,T7s,A4o,97s,K3s,87s,Q5s,K7o,44,Q8o,A3o,K2s,J8o,Q4s,T8o,J6s,K6o,A2o,T6s,98o,76s,96s,86s,Q3s,J5s,K5o,Q7o,Q2s,J4s,65s,33,J7o,T7o,K4o,75s,T5s,Q6o,J3s,95s,87o,85s,97o,T4s,K3o,J2s,54s,Q5o,T3s,64s,22,K2o,74s,76o,T2s,Q4o,J6o,94s,84s,86o,T6o,96o,93s,53s,Q3o,J5o,63s,43s,92s,73s,65o,Q2o,J4o,83s,75o,52s,85o,82s,T5o,95o,J3o,62s,54o,42s,T4o,J2o,72s,64o,T3o,32s,74o,84o,T2o,94o,53o,93o,63o,43o,92o,73o,83o,52o,82o,42o,62o,72o
100;100;(All);AA,KK,QQ,JJ,TT,AKs,99,AQs,AKo,AJs,KQs,88,ATs,AQo,KJs,KTs,QJs,AJo,KQo,QTs,A9s,77,ATo,JTs,KJo,A8s,K9s,QJo,A7s,KTo,Q9s,A5s,66,A6s,QTo,J9s,A9o,A4s,T9s,K8s,JTo,K7s,A8o,A3s,Q8s,K9o,A2s,K6s,J8s,T8s,A7o,55,Q9o,98s,K5s,Q7s,J9o,A5o,T9o,A6o,K4s,K8o,Q6s,J7s,T7s,A4o,97s,K3s,87s,Q5s,K7o,44,Q8o,A3o,K2s,J8o,Q4s,T8o,J6s,K6o,A2o,T6s,98o,76s,96s,86s,Q3s,J5s,K5o,Q7o,Q2s,J4s,65s,33,J7o,T7o,K4o,75s,T5s,Q6o,J3s,95s,87o,85s,97o,T4s,K3o,J2s,54s,Q5o,T3s,64s,22,K2o,74s,76o,T2s,Q4o,J6o,94s,84s,86o,T6o,96o,93s,53s,Q3o,J5o,63s,43s,92s,73s,65o,Q2o,J4o,83s,75o,52s,85o,82s,T5o,95o,J3o,62s,54o,42s,T4o,J2o,72s,64o,T3o,32s,74o,84o,T2o,94o,53o,93o,63o,43o,92o,73o,83o,52o,82o,42o,62o,72o,32o
